{"cameraMode":{"drawMode":0,"name":"Shaded","section":"Shading Mode"},"sceneLighting":true,"audioPlay":false,"sceneViewState":{"showFog":true,"showMaterialUpdate":false,"showSkybox":true,"showFlares":true,"showImageEffects":true,"showParticleSystems":true,"showVisualEffectGraphs":true,"m_FxEnabled":true},"in2DMode":false,"pivot":{"x":0.0005345344543457031,"y":0.8997743725776672,"z":0.02398163080215454},"rotation":{"x":0.22499172389507295,"y":-0.7139405012130737,"z":0.2641034722328186,"w":0.6082210540771484},"size":8.76219654083252,"orthographic":false}